ATL,2003/06,216,5843,27
BOS,2003/06,138,1623,3,7875
BWI,2003/06,29,1245,15,6998
CLT,2003/06,73,1562,14,7021
DCA,2003/06,74,1100,18,5321
DEN,2003/06,34,1611,22,10024
DFW,2003/06,394,4798,133,22303
DTW,2003/06,123,1395,9,10227
EWR,2003/06,102,2921,42,9441
FLL,2003/06,13,967,10,3672
IAD,2003/06,101,1256,35,7027
IAH,2003/06,91,2601,173,12686
JFK,2003/06,24,1046,13,4695
LAS,2003/06,39,1893,6,9821
LAX,2003/06,101,2571,10,15780
LGA,2003/06,121,1604,22,7161
MCO,2003/06,9,1388,9,6211
MDW,2003/06,47,951,6,6057
MIA,2003/06,28,1105,22,3745
MSP,2003/06,101,1678,11,10404
ORD,2003/06,261,4899,38,24997
PDX,2003/06,17,684,5,4040
PHL,2003/06,83,2049,20,6917
PHX,2003/06,57,1783,10,12158
SAN,2003/06,20,1052,4,5775
SEA,2003/06,63,1516,9,7658
SFO,2003/06,83,1880,9,8211
SLC,2003/06,34,1057,0,9491
TPA,2003/06,12,1122,11,4256
ATL,2003/07,484,7452,71,22868
BOS,2003/07,226,1710,3,8033
BWI,2003/07,57,1679,20,6855
CLT,2003/07,163,1895,24,6883
DCA,2003/07,181,1260,13,5241
DEN,2003/07,71,1753,9,10869
DFW,2003/07,274,5003,64,22982
DTW,2003/07,175,1891,22,10104
EWR,2003/07,285,2917,59,9797
FLL,2003/07,19,1041,1,3785
IAD,2003/07,217,1567,14,6990
IAH,2003/07,90,3031,77,13269
JFK,2003/07,32,1082,24,5067
LAS,2003/07,73,1998,52,10083
LAX,2003/07,145,2380,10,16760
LGA,2003/07,285,1934,63,7012
MCO,2003/07,19,1834,10,6163
MDW,2003/07,62,1531,51,5655
MIA,2003/07,44,1216,17,3849
MSP,2003/07,141,1930,13,10766
ORD,2003/07,1258,7259,135,22693
PDX,2003/07,25,716,2,4273
PHL,2003/07,198,2257,21,6876
PHX,2003/07,96,1909,27,12378
SAN,2003/07,34,1155,14,5974
SEA,2003/07,82,1654,5,8251
SFO,2003/07,79,1464,8,9192
SLC,2003/07,58,1093,11,9782
TPA,2003/07,18,1135,9,4452
ATL,2003/08,364,7829,56,23056
BOS,2003/08,292,2256,15,7370
BWI,2003/08,66,1931,41,6598
CLT,2003/08,189,1882,36,6841
DCA,2003/08,262,1554,41,4886
DEN,2003/08,79,1582,9,11122
DFW,2003/08,466,4951,169,22370
DTW,2003/08,412,2096,52,9620
EWR,2003/08,431,3881,111,8599
FLL,2003/08,36,1220,14,3555
IAD,2003/08,190,1813,40,6715
IAH,2003/08,104,2291,68,13522
JFK,2003/08,205,1717,66,4239
LAS,2003/08,70,1884,10,10293
LAX,2003/08,141,2333,9,16770
LGA,2003/08,597,2465,82,6158
MCO,2003/08,48,1878,30,6032
MDW,2003/08,77,1152,13,6035
MIA,2003/08,97,1385,13,3663
MSP,2003/08,182,1724,6,10975
ORD,2003/08,941,6236,138,23806
PDX,2003/08,26,693,4,4249
PHL,2003/08,242,2590,31,6527
PHX,2003/08,117,1942,14,12284
SAN,2003/08,27,1062,5,6105
SEA,2003/08,113,1661,12,8229
SFO,2003/08,96,1876,5,8755
SLC,2003/08,74,1271,28,9626
TPA,2003/08,37,1129,19,4317
BOS,2003/09,257,1398,13,7860
BWI,2003/09,205,930,43,7031
CLT,2003/09,145,929,1,7399
ATL,2003/09,359,3936,33,26049
DCA,2003/09,354,894,29,5230
DEN,2003/09,50,900,6,11120
DFW,2003/09,571,2562,97,23815
DTW,2003/09,144,1147,13,10032
EWR,2003/09,596,4699,14,6880
FLL,2003/09,35,701,3,3884
IAD,2003/09,320,966,20,7113
IAH,2003/09,107,1958,57,13010
JFK,2003/09,34,896,13,4868

LAS,2003/09,68,1207,2,10628
LAX,2003/09,171,1496,9,16520
LGA,2003/09,341,1684,11,6735
MCO,2003/09,63,857,9,6219
MDW,2003/09,70,632,9,6509
MIA,2003/09,67,784,10,3871
MSP,2003/09,117,1390,13,10023
ORD,2003/09,433,4889,31,24285
PDX,2003/09,44,428,1,4144
PHL,2003/09,206,1806,33,6902
PHX,2003/09,146,1138,8,12372
SAN,2003/09,48,584,6,6250
SEA,2003/09,86,972,16,7712
SFO,2003/09,65,1371,3,8468
SLC,2003/09,54,730,0,9769
TPA,2003/09,34,629,0,4535
ATL,2003/10,189,5188,12,26398
BOS,2003/10,124,1284,9,8543
BWI,2003/10,42,1050,13,7513
CLT,2003/10,54,850,2,8210
DCA,2003/10,57,790,39,6078
DEN,2003/10,91,1197,6,11348
DFW,2003/10,200,2314,11,25757
DTW,2003/10,64,1161,5,10817
EWR,2003/10,135,2387,15,10622
FLL,2003/10,5,533,5,4522
IAD,2003/10,125,1171,15,7412
IAH,2003/10,51,1656,36,14214
JFK,2003/10,28,755,6,5335
LAS,2003/10,135,1841,17,10594
LAX,2003/10,581
LGA,2003/10,124,1375,6,7814
MCO,2003/10,17,816,6,6985
MDW,2003/10,45,869,3,6748
MIA,2003/10,34,603,14,4297
MSP,2003/10,53,1412,7,10626
ORD,2003/10,324,4564,16,26086
PDX,2003/10,45,656,3,4045
PHL,2003/10,80,1475,9,7675
PHX,2003/10,187,1577,10,12481
SAN,2003/10,189,892,82,6043
SEA,2003/10,113,1707,14,7087
SFO,2003/10,102,1456,10,8804
SLC,2003/10,61,907,3,9670
TPA,2003/10,9,596,0,4940
ATL,2003/11,263,4609,21,25220
BOS,2003/11,156,1168,6,7920
BWI,2003/11,40,1102,17,6905
CLT,2003/11,77,927,3,7689
DCA,2003/11,91,929,22,5495
DEN,2003/11,102,1990,5,9742
DFW,2003/11,373,3662,61,23809
DTW,2003/11,114,1460,9,9791
EWR,2003/11,307,3274,40,8796
FLL,2003/11,9,756,2,4319
IAD,2003/11,136,1229,59,6776
IAH,2003/11,157,2674,94,12697
JFK,2003/11,31,718,24,5233
LAS,2003/11,78,2813,6,9211
LAX,2003/11,232,3295,39,14701
LGA,2003/11,261,2121,16,6480
MCO,2003/11,16,1005,7,6705
MDW,2003/11,110,1314,55,5727
MIA,2003/11,22,747,7,4452
MSP,2003/11,164,2201,11,8988
ORD,2003/11,1403,11857,77,17869
PDX,2003/11,32,799,7,3620
PHL,2003/11,125,1692,17,6875
PHX,2003/11,123,2294,9,11153
SAN,2003/11,55,1281,11,5438
SEA,2003/11,74,1813,21,6250
SFO,2003/11,111,2640,12,7205
SLC,2003/11,105,1637,6,8454
TPA,2003/11,12,757,6,4647
ATL,2003/12,630,7284,12,23508
BOS,2003/12,820,2216,29,6539
BWI,2003/12,125,1652,15,6756
CLT,2003/12,134,1407,1,7468
DCA,2003/12,245,1223,4,5158
DEN,2003/12,110,2227,3,10319
DFW,2003/12,370,4485,30,24484
DTW,2003/12,226,2085,7,9396
EWR,2003/12,843,3870,29,8233
FLL,2003/12,57,1283,4,4050
IAD,2003/12,269,1519,10,6789
IAH,2003/12,90,2819,62,13841
JFK,2003/12,230,1421,14,4836
LAS,2003/12,104,2603,17,9709
LAX,2003/12,283,3619,17,15533

LGA,2003/12,689,2767,57,5548
MCO,2003/12,80,1614,10,6426
MDW,2003/12,115,1300,7,6050
MIA,2003/12,54,1283,7,4164
MSP,2003/12,200,2530,9,9291
ORD,2003/12,1034,12012,12,19638
PDX,2003/12,39,1096,10,3593
PHL,2003/12,263,2215,19,6582
PHX,2003/12,157,2272,9,11729
SAN,2003/12,88,1549,29,5482
SEA,2003/12,82,1980
SFO,2003/12,208,3474,12,6951
SLC,2003/12,401,2594,23,7791
TPA,2003/12,59,1119,3,4587
BOS,2004/01,468,1879,3,7783
ATL,2004/01,805,7749,18,25766
BWI,2004/01,206,1532,19,6875
CLT,2004/01,221,1412,16,7450
DCA,2004/01,336,1269,10,5916
DEN,2004/01,226,2603,8,9882
DFW,2004/01,572,5696,73,22974
DTW,2004/01,341,2566,11,8982
EWR,2004/01,548,2930,13,9260
FLL,2004/01,27,1340,7,4044
IAD,2004/01,279,1411,6,6937
IAH,2004/01,113,2638,16,13494
JFK,2004/01,128,1602,20,5076
LAS,2004/01,177,2614,6,9972
LAX,2004/01,359,3272,22,15595
LGA,2004/01,588,2710,5,7223
MCO,2004/01,49,1781,3,6673
MDW,2004/01,225,1681,61,5630
MIA,2004/01,70,1339,4,4199
MSP,2004/01,274,2804,9,9113

ORD,2004/01,2652,13072,52,16939
PDX,2004/01,531,961,34,3147
PHL,2004/01,287,1966,17,6932
PHX,2004/01,283,2414,12,11563
SAN,2004/01,102,1242,6,5826
SEA,2004/01,335,2211,37,6003
SFO,2004/01,283,3314,19,7130
SLC,2004/01,366,3234,12,7658
TPA,2004/01,35,1097,4,4671
ATL,2004/02,921,11538,30,19883
BOS,2004/02,164,1509,6,8217
BWI,2004/02,60,1293,8,6855
CLT,2004/02,167,1244,9,7075
DCA,2004/02,123,1019,5,6160
DEN,2004/02,114,1766,6,10032
DFW,2004/02,505,5318,97,21148
DTW,2004/02,204,1677,4,9578
EWR,2004/02,198,2561,8,9586
FLL,2004/02,12,1446,10,4031
IAD,2004/02,175,963,3,6897
IAH,2004/02,68,3270,17,12295
JFK,2004/02,45,1105,3,5416
LAS,2004/02,135,2839,23,9290
LAX,2004/02,253,2672,22,14963
LGA,2004/02,238,1934,13,7868
MCO,2004/02,24,1826,11,6477
MDW,2004/02,130,1167,14,5930
MIA,2004/02,26,1233,5,4092
MSP,2004/02,225,2660,19,8841
ORD,2004/02,984,9260,19,20707
PDX,2004/02,60,690,7,3558
PHL,2004/02,165,1572,7,6901
PHX,2004/02,177,2689,11,10775
SAN,2004/02,65,1100,9,5451
SEA,2004/02,112,1334,10,6558
SFO,2004/02,205,2366,11,7445
SLC,2004/02,193,2237,7,8348
TPA,2004/02,11,1250,10,4441
BOS,2004/03,263,1974,5,8679
BWI,2004/03,44,1440,0,7413
CLT,2004/03,81,1074,2,7982
DCA,2004/03,105,1089,3,6732
DEN,2004/03,80,1439,6,11354
DFW,2004/03,401,3370,78,25536
DTW,2004/03,160,2227,12,10208
EWR,2004/03,376,3629,48,9666
FLL,2004/03,23,1222,7,4819
ATL,2004/03,255,5408,33,29114
IAD,2004/03,120,1090,1,7584
IAH,2004/03,72,2856,12,14366
JFK,2004/03,69,1552,19,5415
LAS,2004/03,84,2281,12,11069
LAX,2004/03,228,2556,9,16704
LGA,2004/03,368,2375,84,8095
MCO,2004/03,14,1410,5,7698
MDW,2004/03,90,1426,18,6278
MIA,2004/03,14,874,9,4894
MSP,2004/03,209,2521,28,10126
ORD,2004/03,1085,11414,42,20676
PDX,2004/03,62,697,4,3988
PHL,2004/03,125,1990,16,7144
PHX,2004/03,138,2143,24,12405
SAN,2004/03,59,1091,15,6038
SEA,2004/03,77,1611,7,7088
SFO,2004/03,117,1652,16,9228
SLC,2004/03,79,1240,3,10224
TPA,2004/03,10,947,2,5291
ATL,2004/04,264,5704,29,28029
BOS,2004/04,106,1704,3,9002
BWI,2004/04,20,1448,4,7218
CLT,2004/04,42,1105,7,7699
DCA,2004/04,62,1013,7,6609
DEN,2004/04,74,1435,19,10998
DFW,2004/04,249,3096,28,25220
DTW,2004/04,117,1637,8,10632
EWR,2004/04,142,3463,14,9604
FLL,2004/04,6,1330,10,4561
IAD,2004/04,68,1339,11,7316
IAH,2004/04,92,2807,55,13712
JFK,2004/04,29,1513,19,5683
LAS,2004/04,63,2335,11,10471
LAX,2004/04,113,2460,18,16362
LGA,2004/04,174,2277,23,8222
MCO,2004/04,7,1664,10,7272
MDW,2004/04,34,1150,2,6402
MIA,2004/04,11,868,16,4639
MSP,2004/04,128,1574,42,10359
ORD,2004/04,456,7690,17,23928
PDX,2004/04,45,587,2,3978
PHL,2004/04,65,1935,12,7037
PHX,2004/04,150,1991,20,11957
SAN,2004/04,40,1019,28,5870
SEA,2004/04,48,1187,16,7402
SFO,2004/04,73,1496,5,9183
SLC,2004/04,79,1527,3,9463
TPA,2004/04,4,958,3,4900
ATL,2004/05,457,8802,72,25565
BOS,2004/05,225,2489,9,8262
BWI,2004/05,49,2037,37,6779
CLT,2004/05,80,1291,7,7479
DCA,2004/05,138,1476,25,5976
DEN,2004/05,106,2012,49,10653
DFW,2004/05,490,3820,113,25044
DTW,2004/05,269,2345,62,9629
EWR,2004/05,339,3872,53,8734
FLL,2004/05,10,1114,3,4283
IAD,2004/05,162,1769,36,7023
IAH,2004/05,390,3014,173,13661
JFK,2004/05,41,1604,30,5603
LAS,2004/05,67,2313,14,10883
LAX,2004/05,173,2976,15,16181
LGA,2004/05,299,2787,44,7572
MCO,2004/05,17,1712,3,7159
MDW,2004/05,52,1847,23,5807
MIA,2004/05,41,974,21,4547
MSP,2004/05,217,2209,46,9994
ORD,2004/05,1968,10964,236,19588
PDX,2004/05,36,781,1,3897
PHL,2004/05,169,2405,35,7074
PHX,2004/05,153,2020,21,12077
SAN,2004/05,40,1180,10,6014
SEA,2004/05,78,1845,11,7392
SFO,2004/05,86,2274,11,8786
SLC,2004/05,114,1684,5,9856
TPA,2004/05,12,1099,3,4723
ATL,2004/06,598,11719,134,21845
BOS,2004/06,241,2491,17,8527
BWI,2004/06,46,1994,13,6829
CLT,2004/06,77,1724,37,6816
DCA,2004/06,161,1612,31,5811
DEN,2004/06,113,3101,16,10173
DFW,2004/06,642,7857,284,19643
DTW,2004/06,232,2559,20,9522
EWR,2004/06,275,3383,50,9427
FLL,2004/06,14,1267,7,3830
IAD,2004/06,178,1956,27,6894
IAH,2004/06,291,5368,272,10921
JFK,2004/06,61,1697,19,5787
LAS,2004/06,102,3500,15,9472
LAX,2004/06,152,4192,15
LGA,2004/06,305,2397,64,7972
MCO,2004/06,23,2309,31,6472
MDW,2004/06,40,2036,6,5685
MIA,2004/06,39,1346,11,3938
MSP,2004/06,132,2674,41,9746
ORD,2004/06,849,8959,37,21453
PDX,2004/06,35,1054,4,3668
PHL,2004/06,217,2576,35,7070
PHX,2004/06,145,3079,12,10728
SAN,2004/06,29,1614,4,5485
SEA,2004/06,108,2477,9,7253
SFO,2004/06,120,2650,4,8283
SLC,2004/06,101,2202,26,9473
TPA,2004/06,11,1419,30,4246

BOS,2004/07,378,3114,15,8429
BWI,2004/07,90,2109,50,6933
CLT,2004/07,104,1467,10,7190
DCA,2004/07,257,1785,39,5769
DEN,2004/07,102,2737,67,11073
DFW,2004/07,561,4962,138,23856
DTW,2004/07,216,2369,10,10141
EWR,2004/07,629,4151,92,8924
FLL,2004/07,18,1335,20,3810
IAD,2004/07,384,2914,44,8536
IAH,2004/07,100,2993,88,14297
JFK,2004/07,90,2469,23,5726
LAS,2004/07,88,3065,13,10273
LAX,2004/07,194,3849,12,16285
LGA,2004/07,619,2993,61,7225
MCO,2004/07,38,2307,24,6903
MDW,2004/07,77,2031,18,5801
MIA,2004/07,37,1425,11,4035
MSP,2004/07,174,2434,40,10379
ORD,2004/07,1037,7917,110,22767
PDX,2004/07,33,941,1,4006
PHL,2004/07,323,2866,86,7228
PHX,2004/07,137,2732,8,11311
SAN,2004/07,41,1584,6,5786
ATL,2004/07,475,9202,101,26116
SEA,2004/07,56,2234,5,8075
SFO,2004/07,120,2483,4,8869
SLC,2004/07,71,1756,7,10312
TPA,2004/07,19,1324,13,4529
ATL,2004/08,570,7672,64,28055
BOS,2004/08,320,2575,13,9145
BWI,2004/08,100,1812,25,7308
CLT,2004/08,156,1394,13,7259
DCA,2004/08,258,1414,28,6340
DEN,2004/08,110,2320,31,11610
DFW,2004/08,596,5497,59,23509
DTW,2004/08,183,1860,20,10742
EWR,2004/08,421,3474,42,10124
FLL,2004/08,41,1383,18,3805
IAD,2004/08,432,3069,54,9991
IAH,2004/08,120,2322,42,15007
JFK,2004/08,145,2371,44,6106
LAS,2004/08,88,3283,16,10127
LAX,2004/08,171,3981,9,16350
LGA,2004/08,474,2340,52,7988
MCO,2004/08,406,2198,38,6714
MDW,2004/08,85,1647,13,6330
MIA,2004/08,119,1393,21,3972
MSP,2004/08,128,2096,15,10890
ORD,2004/08,907,7092,43,24356
PDX,2004/08,26,1035,1,3936
PHL,2004/08,282,2741,54,7569
PHX,2004/08,134,3081,47,11029
SAN,2004/08,30,1643,5,5852
SEA,2004/08,75,2441,7,7885
SFO,2004/08,117,2717,7,8611
SLC,2004/08,89,1668,9,10373
TPA,2004/08,215,1279,38,4349
ATL,2004/09,2164,7430,178,24842
BOS,2004/09,357,1510,5,9185
BWI,2004/09,250,1012,4,7449
CLT,2004/09,314,943,1,7457
DCA,2004/09,270,1002,16,6583
DEN,2004/09,149,1023,6,11526
DFW,2004/09,581,2001,83,25359
DTW,2004/09,185,1234,20,10313
EWR,2004/09,463,2939,25,9094
FLL,2004/09,762,825,13,3275
IAD,2004/09,445,2513,26,11011
IAH,2004/09,273,1035,11,14798
JFK,2004/09,304,1364,10,6170
LAS,2004/09,156,1873,37,10990
LAX,2004/09,316,2219,74,16535
LGA,2004/09,459,1996,28,7728
MCO,2004/09,1460,1167,3,5706
MDW,2004/09,133,718,3,6576
MIA,2004/09,709,709,4,3521
MSP,2004/09,142,1257,18,10027
ORD,2004/09,539,2528,19,27065
PDX,2004/09,41,620,6,3886
PHL,2004/09,419,1853,24,8000
PHX,2004/09,187,1601,23,11951
SAN,2004/09,81,885,31,6090
SEA,2004/09,75,1449,12,7649
SFO,2004/09,155,1370,6,9146
SLC,2004/09,132,1150,3,10264
TPA,2004/09,616,695,21,4049
ATL,2004/10,420,9034,17,26252
BOS,2004/10,151,1911,15,9481
BWI,2004/10,51,1132,3,7952
CLT,2004/10,77,1183,15,8122
DCA,2004/10,90,1077,7,7040
DEN,2004/10,111,1502,3,11483
DFW,2004/10,471,4965,83,23427
DTW,2004/10,97,1773,14,10479
EWR,2004/10,154,2720,15,10621
FLL,2004/10,6,784,19,4954
IAD,2004/10,333,2731,15,11687
IAH,2004/10,68,1797,22,14942
JFK,2004/10,56,1343,4,6731
LAS,2004/10,126,3205,11,10250
LAX,2004/10,219,3793,18,15712
LGA,2004/10,127,1962,15,8653
MCO,2004/10,19,1167,1,8140
MDW,2004/10,34,1065,5,6643
MIA,2004/10,32,641,1,4570
MSP,2004/10,85,1877,17,9980
ORD,2004/10,442,5183,19,25100
PDX,2004/10,33,815,10,3736
PHL,2004/10,149,2592,36,8541
PHX,2004/10,114,3210,18,11109
SAN,2004/10,68,1676,24,5556
SEA,2004/10,100,1474,6,7515
SFO,2004/10,180,2601,12,8179
SLC,2004/10,153,1531,1,10066
TPA,2004/10,8,789,3,5061
ATL,2004/11,583,10182,54,23387
BOS,2004/11,182,1965,7,8593
BWI,2004/11,51,1314,2,7222
CLT,2004/11,69,1503,7,7625
DCA,2004/11,86,1188,9,6446
DEN,2004/11,124,1786,12,10179
DFW,2004/11,520,5449,68,21461
DTW,2004/11,97,1802,5,10070
EWR,2004/11,127,3507,21,9297
FLL,2004/11,7,997,5,4769
IAD,2004/11,175,2410,9,10782
IAH,2004/11,270,3795,146,12368
JFK,2004/11,35,1345,5,6424
LAS,2004/11,107,2871,25,10180
LAX,2004/11,157,2756,24,16060
LGA,2004/11,148,2374,27,7988
MCO,2004/11,23,1448,2,8196
MDW,2004/11,37,1223,21,5988
MIA,2004/11,27,811,3,4432
MSP,2004/11,91,1417,11,9995
ORD,2004/11,666,6246,29,21736
PDX,2004/11,76,831,21,3418
PHL,2004/11,134,2697,23,8574
PHX,2004/11,116,2918,9,10897
SAN,2004/11,32,1199,6,5819
SEA,2004/11,136,1812,24,6439
SFO,2004/11,192,1691,8
SLC,2004/11,154,1533,8,9532
TPA,2004/11,23,1073,6,5512
ATL,2004/12,921,9402,42,25088
BOS,2004/12,488,2650,29,7822
BWI,2004/12,125,1944,10,6892
CLT,2004/12,205,2106,8,7321
DCA,2004/12,273,1730,10,5940
DEN,2004/12,194,2737,9,10043
DFW,2004/12,559,5427,50,22086

DTW,2004/12,214,2695,4,9050
EWR,2004/12,309,4478,37,8294
FLL,2004/12,37,2070,5,4131
IAD,2004/12,446,3108,28,9430
IAH,2004/12,153,3610,31,13835
JFK,2004/12,191,2480,15,5521
LAS,2004/12,154,3632,12,9827
LAX,2004/12,391,4952,31,14430
LGA,2004/12,442,3181,33,7011
MCO,2004/12,110,2630,8,7405
MDW,2004/12,100,1724,36,5689
MIA,2004/12,38,1596,2,3936
MSP,2004/12,167,2877,18,8818
ORD,2004/12,994,9043,25,19296
PDX,2004/12,65,1347,13,3117
PHL,2004/12,391,3983,74,7364
PHX,2004/12,205,4066,9,10337
SAN,2004/12,161,1939,99,5131
SEA,2004/12,166,2679,35,5831
SFO,2004/12,339,3258,36,7002
SLC,2004/12,400,2881,9,8634
TPA,2004/12,51,1795,5,5160
ATL,2005/01,2418,8355,60,24215
BOS,2005/01,1128,2947,32,6742
BWI,2005/01,320,1938,29,6514
CLT,2005/01,307,1768,21,7376
DCA,2005/01,509,1737,53,5762
DEN,2005/01,294,3153,22,9218
DFW,2005/01,751,5084,96,21461
DTW,2005/01,374,2556,41,8433
EWR,2005/01,701,3581,17,7980
FLL,2005/01,113,1837,21,4094
IAD,2005/01,802,2430,23,9126
IAH,2005/01,185,3128,16,13533
JFK,2005/01,455,2404,31,5212
LAS,2005/01,261,3826,29,9404
LAX,2005/01,443,5021,31,13870
LGA,2005/01,895,2771,50,7083
MCO,2005/01,200,2372,5,7602
MDW,2005/01,252,1592,73,5249
MIA,2005/01,120,1335,2,4110
MSP,2005/01,320,2507,29,8528
ORD,2005/01,2216,9178,94,16706
PDX,2005/01,137,954,7,3252
PHL,2005/01,784,3896,88,6749
PHX,2005/01,291,3899,25,10242
SAN,2005/01,137,1952,15,5179
SEA,2005/01,185,1997,14,6113
SFO,2005/01,323,2816,10,7125
SLC,2005/01,536,2525,24,8915
TPA,2005/01,146,1544,10,5291
ATL,2005/02,1170,9195,55,23282
BOS,2005/02,319
BWI,2005/02,96,1434,8,6631
CLT,2005/02,100,1544,4,7468
DCA,2005/02,251,1547,9,6410
DEN,2005/02,88,1788,12,9592
DFW,2005/02,224,3012,16,19056
DTW,2005/02,249,2158,61,8212
EWR,2005/02,314,3137,14,8009
FLL,2005/02,18,1765,3,4186
IAD,2005/02,139,1639,0,8264
IAH,2005/02,159,3203,56,12357
JFK,2005/02,122,1784,10,5536
LAS,2005/02,97,3280,18,8994
LAX,2005/02,180,4264,15,12951
LGA,2005/02,390,3216,8,6193
MCO,2005/02,42,1765,5,7483
MDW,2005/02,78,934,3,5276
MIA,2005/02,34,935,7,4159
MSP,2005/02,125,1739,7,8699
ORD,2005/02,665,5269,13,19718
PDX,2005/02,43,703,9,3219
PHL,2005/02,315,2634,33,7304
PHX,2005/02,140,3414,21,9659
SAN,2005/02,58,1635,11,4839
SEA,2005/02,82,1359,14,6109
SFO,2005/02,129,2122,11,7065
SLC,2005/02,174,1947,9,10274
TPA,2005/02,31,1297,6,5098
ATL,2005/03,1207,9431,57,27111
BOS,2005/03,434,2773,29,8000
BWI,2005/03,115,1704,5,7377
CLT,2005/03,168,2162,3,8007
DCA,2005/03,279,2049,22,7044
DEN,2005/03,87,2062,6,10824
DFW,2005/03,184,3684,25,21289
DTW,2005/03,205,2273,18,9784
EWR,2005/03,377,4559,36,8440
FLL,2005/03,52,2931,14,3782
IAD,2005/03,126,1921,3,9199
IAH,2005/03,65,3270,41,15275
JFK,2005/03,172,2475,52,5887
LAS,2005/03,91,2835,6,11220
LAX,2005/03,188,3385,18,15916
LGA,2005/03,544,3865,54,6514
MCO,2005/03,59,3085,22,7422
MDW,2005/03,86,1323,6,5983
MIA,2005/03,36,1462,12,4269
MSP,2005/03,191,2319,36,9662
ORD,2005/03,584,6544,65,21592
PDX,2005/03,25,820,4,3663
PHL,2005/03,317,3316,23,7806
PHX,2005/03,106,2623,15,12061
SAN,2005/03,45,1324,4,5925
SEA,2005/03,87,1805,13,6686
SFO,2005/03,122,2148,6,8256
SLC,2005/03,165,2426,3,11521
TPA,2005/03,52,2232,14,5161
ATL,2005/04,934,5748,91,30108
BOS,2005/04,182,1848,7,8949
BWI,2005/04,56,1128,3,7720
CLT,2005/04,119,1486,15,8347
DCA,2005/04,123,1351,17,7378
DEN,2005/04,492,1476,41,10266
DFW,2005/04,295,3111,85,21301
DTW,2005/04,134,1684,5,10319
EWR,2005/04,180,3356,27,9366
FLL,2005/04,22,1396,6,4815
IAD,2005/04,149,1508,9,9331
IAH,2005/04,109,2218,45,15181
JFK,2005/04,96,2052,37,6239
LAS,2005/04,65,2110,7,11572
LAX,2005/04,146,2637,8,15926
LGA,2005/04,187,2582,19,7728
MCO,2005/04,32,1586,1,8430
MDW,2005/04,37,726,1,6720
MIA,2005/04,31,868,5,4470
MSP,2005/04,101,1418,3,9866
ORD,2005/04,389,3786,15,23444
PDX,2005/04,39,641,3,3676
PHL,2005/04,145,2322,17,8530
PHX,2005/04,78,2107
SAN,2005/04,39,1095,5,5952
SEA,2005/04,101,1314,8,6926
SFO,2005/04,101,1470,11,8628
SLC,2005/04,189,1546,4,11659
TPA,2005/04,45,1220,10,5829
ATL,2005/05,669,5813,126,31468
BOS,2005/05,120,2221,4,8789
BWI,2005/05,43,1158,3,8044
CLT,2005/05,120,1514,7,8664
DCA,2005/05,90,1220,3,7873
DEN,2005/05,115,2174,23,13899
DFW,2005/05,177,3187,47,22574
DTW,2005/05,96,1499,9,10490
EWR,2005/05,108,3234,17,9748
FLL,2005/05,19,1135,29,4678
IAD,2005/05,84,2020,15,9070
IAH,2005/05,111,2065,86,15910
JFK,2005/05,26,1573,5,7011
LAS,2005/05,63,2196,7,12059
LAX,2005/05,154,2821,14,16722
LGA,2005/05,133,2161,27,8593
MCO,2005/05,16,1481,12,8189
MDW,2005/05,40,888,8,7023
MIA,2005/05,29,967,35,4356
MSP,2005/05,76,1661,8,10152
ORD,2005/05,652,5195,55,22621
PDX,2005/05,32,1015,2,3592
PHL,2005/05,88,2053,10,9022
PHX,2005/05,103,1897,10,12872
SAN,2005/05,51,1117,11,6333
SEA,2005/05,100,2383,12,6270
SFO,2005/05,98,2217,13,8626
SLC,2005/05,148,1480,11,12183
TPA,2005/05,21,1059,4,5506
ATL,2005/06,1148,10986,53,25022
BOS,2005/06,323,2663,4,7701
BWI,2005/06,113,2084,37,6756
CLT,2005/06,212,2208,48,7627
DCA,2005/06,256,1881,32,6789
DEN,2005/06,135,3310,70,13438
DFW,2005/06,182,4616,29,21253
DTW,2005/06,218,2485,42,9013
EWR,2005/06,508,4439,87,8113
FLL,2005/06,36,1687,28,3799
IAD,2005/06,313,2926,26,7478
IAH,2005/06,68,2214,9,15943
JFK,2005/06,130,2677,61,5738
LAS,2005/06,84,3226,4,10648
LAX,2005/06,185,4057,14,15283
LGA,2005/06,511,2993,114,7066
MCO,2005/06,33,2423,36,7125
MDW,2005/06,47,1480,14,6490
MIA,2005/06,58,1663,57,3658
MSP,2005/06,113,2897,57,9257
ORD,2005/06,640,7643,53,19420
PDX,2005/06,22,1259,2,3432
PHL,2005/06,329,3319,74,7116
PHX,2005/06,102,2633,9,11802
SAN,2005/06,47,1661,7,5859
SEA,2005/06,156,3203,27,6090
SFO,2005/06,113,2978,6,7992
SLC,2005/06,156,2203,10,11491
TPA,2005/06,24,1566,28,4809
ATL,2005/07,1793,13699,334,21758
BOS,2005/07,330,3269,7,7298
BWI,2005/07,109,2593,23,6469
CLT,2005/07,195,2703,25,7276
DCA,2005/07,304,2473,32,6222
DEN,2005/07,178,3323,35,14453
DFW,2005/07,576,7741,159,18923
DTW,2005/07,409,3088,42,8683
EWR,2005/07,653,5400,84,7355
FLL,2005/07,36,1827,10,3910
IAD,2005/07,349,3245,22,7536
IAH,2005/07,367,4274,205,13819
JFK,2005/07,162,3738,47,5238
LAS,2005/07,101,3410,35,10789
LAX,2005/07,218,3910,8,16038
LGA,2005/07,533,3606,86,6573
MCO,2005/07,50,2813,15,7324
MDW,2005/07,59,1931,27,6437
MIA,2005/07,59,1639,6,4000
MSP,2005/07,206,2994,30,9677
ORD,2005/07,920,7641,99,19623
PDX,2005/07,20,1184,3,3769
PHL,2005/07,331,3957,57,6579
PHX,2005/07,157,2914,29
SAN,2005/07,46,1769,17,6030
SEA,2005/07,56,3080,16,6914
SFO,2005/07,123,2548,8,8900
SLC,2005/07,119,2257,6,12090
TPA,2005/07,59,1998,3,4643
ATL,2005/08,1840,12861,236,22949
BOS,2005/08,316,3079,24,7571
BWI,2005/08,87,2008,18,7100
CLT,2005/08,191,1924,24,8053
DCA,2005/08,251,1673,11,7265
DEN,2005/08,151,2682,26,14968
DFW,2005/08,690,6039,248,20474
DTW,2005/08,358,2660,5,8873
EWR,2005/08,418,4387,56,8989
FLL,2005/08,164,1392,11,4107
IAD,2005/08,277,2133,10,8644
IAH,2005/08,322,3592,105,14645
JFK,2005/08,129,2689,68,6365
LAS,2005/08,94,3228,19,11173
LAX,2005/08,202,3589,15,16484
LGA,2005/08,411,3085,66,7474
MCO,2005/08,106,2276,34,7584
MDW,2005/08,61,1384,6,7170
MIA,2005/08,250,1410,13,3970
MSP,2005/08,306,3066,62,9020
ORD,2005/08,507,5533,37,22585
PDX,2005/08,16,1039,5,3932
PHL,2005/08,224,2544,43,8194
PHX,2005/08,136,2695,50,12110
SAN,2005/08,43,1629,20,6254
SEA,2005/08,54,2512,24,7365
SFO,2005/08,126,2638,11,8823
SLC,2005/08,123,2206,7,12294
TPA,2005/08,114,1554,13,4938
ATL,2005/09,1222,4731,14,27664
BOS,2005/09,154,2491,4,7546
BWI,2005/09,86,1009,6,7493
CLT,2005/09,153,1021,6,7984
DCA,2005/09,149,1030,6,7172
DEN,2005/09,141,1632,5,14519
DFW,2005/09,446,3058,82,21704
DTW,2005/09,176,1748,15,8645
EWR,2005/09,191,3343,40,8784
FLL,2005/09,100,642,12,4105
IAD,2005/09,90,1134,4,8170
IAH,2005/09,1664,1945,30,12969
JFK,2005/09,105,1711,12,6556
LAS,2005/09,99,2608,12,11242
LAX,2005/09,215,3167,12,15635
LGA,2005/09,220,2157,19,7981
MCO,2005/09,77,1121,4,7642
MDW,2005/09,50,935,4,6993
MIA,2005/09,192,885,0,3997
MSP,2005/09,137,2161,49,8587
ORD,2005/09,480,4717,20,22257
PDX,2005/09,28,705,1,3942
PHL,2005/09,148,1530,2,8207
PHX,2005/09
SAN,2005/09,67,1286,1,6097
SEA,2005/09,66,1659,6,7416
SFO,2005/09,95,2212,7,8451
SLC,2005/09,170,1641,23,11886
TPA,2005/09,80,790,2,5061
ATL,2005/10,957,7493,20,26812
BOS,2005/10,367,2844,16,7171
BWI,2005/10,121,1428,3,7470
CLT,2005/10,152,1457,2,7611
DCA,2005/10,217,1308,37,7172
DEN,2005/10,204,1876,6,14412
DFW,2005/10,366,2981,49,22257
DTW,2005/10,165,1674,4,8699
EWR,2005/10,644,5279,53,7429
FLL,2005/10,682,873,14,3844
IAD,2005/10,125,1447,2,7688
IAH,2005/10,188,2209,43,15170
JFK,2005/10,193,2161,17,6262
LAS,2005/10,142,3145,19,11285
LAX,2005/10,238,2961,12,16199
LGA,2005/10,515,3239,28,6913
MCO,2005/10,111,1943,5,7755
MDW,2005/10,88,1118,1,7068
MIA,2005/10,565,1096,12,3668
MSP,2005/10,114,1671,51,8819
ORD,2005/10,408,3538,35,25102
PDX,2005/10,17,904,4,3931
PHL,2005/10,279,2788,21,7101
PHX,2005/10,122,2186,7,12489
SAN,2005/10,48,1321,5,6267
SEA,2005/10,87,1590,6,7537
SFO,2005/10,111,2134,5,8854
SLC,2005/10,150,1446,3,12363
TPA,2005/10,116,1113,1,5132
ATL,2005/11,399,7140,16,25508
BOS,2005/11,127,2235,22,7839
BWI,2005/11,51,1343,11,7148
CLT,2005/11,55,1393,3,7015
DCA,2005/11,97,1363,34,6925
DEN,2005/11,103,1913,2,13299
DFW,2005/11,140,3714,32,21008
DTW,2005/11,104,2183,6,7969
EWR,2005/11,251,4782,29,7796
FLL,2005/11,25,1268,25,4614
IAD,2005/11,60,1021,22,6305
IAH,2005/11,68,2572,38,14318
JFK,2005/11,55,2165,28,6199
LAS,2005/11,70,2239,8,11581
LAX,2005/11,148,2877,2,15590
LGA,2005/11,231,3677,72,6384
MCO,2005/11,27,1897,6,8107
MDW,2005/11,68,1109,10,6538
MIA,2005/11,19,1216,5,4244
MSP,2005/11,123,1997,7,8095
ORD,2005/11,448,6466,15,21524
PDX,2005/11,55,1076,25,3416
PHL,2005/11,64,1668,11,7388
PHX,2005/11,112,1769,4,12562
SAN,2005/11,77,976,72,6114
SEA,2005/11,83,2061,19,6227
SFO,2005/11,153,2495,15,7921
SLC,2005/11,133,1947,5,10885
TPA,2005/11,12,1187,6,5080
ATL,2005/12,723,9899,18,22992
BOS,2005/12,355,2420,24,7579
BWI,2005/12,116,1844,4,6936
CLT,2005/12,109,1851,7,6048
DCA,2005/12,217,1712,6,6483
DEN,2005/12,164,4293,14,11933
DFW,2005/12,510,5902,21,18952
DTW,2005/12,140,2992,12,7213
EWR,2005/12,351,5194,12,7741
FLL,2005/12,35,2090,14,4089
IAD,2005/12,90,1466,4,5934
IAH,2005/12,239,4230,92,13731
JFK,2005/12,104,2718,39,5397
LAS,2005/12,104,3600,9,10443
LAX,2005/12,275,4465,22,14449
LGA,2005/12,312,3646,49,6583
MCO,2005/12,64,2959,12,7386
MDW,2005/12,219,1738,85,5922
MIA,2005/12,55,1994,10,3779
MSP,2005/12,122,3233,18,7079
ORD,2005/12,1289,9479,16,18445
PDX,2005/12,71,1493,5,3114
PHL,2005/12,158,2082,9,6722
PHX,2005/12,198,3038,14,11752
SAN,2005/12,110,1810,34,5636
SEA,2005/12,104,2834,19,5786
SFO,2005/12,371,4307,35,6259
SLC,2005/12,159,2644,10,8656
TPA,2005/12,46,1858,6,4703
ATL,2006/01,714,8109,34,24417
BOS,2006/01,375,2431,31,7679
BWI,2006/01,102,1411,21,7336
CLT,2006/01,186,1862,19,7980
DCA,2006/01,260,1473,79,6785
DEN,2006/01,214,2958,9,14790
DFW,2006/01,182,3719,22,21242
DTW,2006/01,170,1729,10,8041
EWR,2006/01,362,3914,33,8304
FLL,2006/01,27,1202,10,4884
IAD,2006/01,237,1458,27,5195
IAH,2006/01,94,2742,129,14561
JFK,2006/01,106,2311,40,5781
LAS,2006/01,115,2812,10,12039
LAX,2006/01,279,3393,22,15392
LGA,2006/01,446,3353,31,7027
MCO,2006/01,70,1748,29,8248
MDW,2006/01,121,1167,16,6926
MIA,2006/01,35,1265,6,4622
MSP,2006/01,95,1635,16,8144
ORD,2006/01,1084,7177,106,22461
PDX,2006/01,35,992,3,3519
PHL,2006/01,234,2399,50,6459
PHX,2006/01,236,2489,20,15465
SAN,2006/01,105,1251,52,6190
SEA,2006/01,142,2226,16,6039
SFO,2006/01,216,2693,19,7799
SLC,2006/01,104,1954,3,9362
TPA,2006/01,29,1209,2,5113
ATL,2006/02,644,8013,26,21755
BOS,2006/02,501,2155,6,7259
BWI,2006/02,178,1281,7,6450
CLT,2006/02,160,1464,2,7204
DCA,2006/02,308,1136,7,6186
DEN,2006/02,206,3839,11,12695
DFW,2006/02,625,4768,43,17367
DTW,2006/02,188,1766,7,7331
EWR,2006/02,693,3854,18,7100
FLL,2006/02,94,1257,10,4371
IAD,2006/02,283,1233,23,5539
IAH,2006/02,169,3737,93,12352
JFK,2006/02,334,1871,17,5272
LAS,2006/02,94,3611,41,9838
LAX,2006/02,283,4044,40,13007
LGA,2006/02,640,2900,16,6365
MCO,2006/02,121,1887,18,7347
MDW,2006/02,121,1500,27,5834
MIA,2006/02,93,1175,5,4139
MSP,2006/02,123,1795,11,7244
ORD,2006/02,822,6545,44,20739
PDX,2006/02,32,1060,5,2966
PHL,2006/02,297,1811,26,6412
PHX,2006/02,178,3224,35,12887
SAN,2006/02,95,1740,74,5053
SEA,2006/02,75,2188,16,5232
SFO,2006/02,231,3048,36,6427
SLC,2006/02,92,2200,13,8070
TPA,2006/02,88,1347,53,4514
ATL,2006/03,333,7870,16,26769
BOS,2006/03,126,2089,5,8970
BWI,2006/03,33,1423,4,7440
CLT,2006/03,82,1630,3,8237
DCA,2006/03,127,1399,2,6906
DEN,2006/03,281,4622,12,14278
DFW,2006/03,397,5054,84,19571
DTW,2006/03,125,1824,13,8808
EWR,2006/03,296,4773,24,8899
FLL,2006/03,13,1038,11,5535
IAD,2006/03,121,1353,5,6777
IAH,2006/03,99,4931,64,14307
JFK,2006/03,60,1907,20,6671
LAS,2006/03,123,4171,19,11399
LAX,2006/03,269,4893,17,14431
LGA,2006/03,303,3095,18,7766
MCO,2006/03,15,1626,10,9114
MDW,2006/03,69,1501,46,6890
MIA,2006/03,14,1017,16,5041
MSP,2006/03,134,2049,76,8419
ORD,2006/03,1068,9608,105,20904
PDX,2006/03,26,1087,3,3398
PHL,2006/03,89,1922,3,7594
PHX,2006/03,160,3956,19,14372
SAN,2006/03,70,1897,6,5909
SEA,2006/03,61,1936,7,6419
SFO,2006/03,251,4117,5,6591
SLC,2006/03,116,2636,15,9230
TPA,2006/03,12,1131,5,5758
ATL,2006/04,470,7104,71,25606
BOS,2006/04,136,2396,4,8415
BWI,2006/04,40,1420,13,7208
CLT,2006/04,134,1862,28,7560
DCA,2006/04,82,1332,9,6351
DEN,2006/04,184,2744,6,15374
DFW,2006/04,315,4940,33,19435
DTW,2006/04,79,1608,6,8622
EWR,2006/04,232,4297,37,8769
FLL,2006/04,9,974,7,5224
IAD,2006/04,145,1389,36,6393
IAH,2006/04,134,3665,92,14377
JFK,2006/04,30,1874,20,6705
LAS,2006/04,78,3513,15,11632
LAX,2006/04,171,4226,10,14464
LGA,2006/04,177,2796,29,7403
MCO,2006/04,16,1715,11,8759
MDW,2006/04,51,1696,83,6327
MIA,2006/04,20,1017,3,4716
MSP,2006/04,74,1547,46,8560
ORD,2006/04,769,7637,86,22206
PDX,2006/04,13,825,0,3797
PHL,2006/04,90,2383,15,6714
PHX,2006/04,144,3309,12,14121
SAN,2006/04,50,1667,6,5745
SEA,2006/04,44,1660,6,6814
SFO,2006/04,213,3413,3,7195
SLC,2006/04,68,1486,4,9844
TPA,2006/04,10,1098,5,5452
ATL,2006/05,311,7534,32,26414
BOS,2006/05,210,3699,21,6994
BWI,2006/05,51,1721,15,7237
CLT,2006/05,108,1881,28,7763
DCA,2006/05,131,1585,14,6343
DEN,2006/05,151,3114,32,16635
DFW,2006/05,305,5165,17,20235
DTW,2006/05,89,1944,10,8589
EWR,2006/05,211,4302,48,8844
FLL,2006/05,8,1083,23,4386
IAD,2006/05,114,1525,13,6433
IAH,2006/05,244,4165,159,14502
JFK,2006/05,58,1727,42,6648
LAS,2006/05,89,2954,6,12753
LAX,2006/05,199,3535,17,16016
LGA,2006/05,253,3455,74,7041
MCO,2006/05,26,1766,27,8330
MDW,2006/05,56,1879,42,6523
MIA,2006/05,51,1149,34,4460
MSP,2006/05,60,1466,22,9041
ORD,2006/05,1202,8995,124,21655
PDX,2006/05,21,841,2,4017
PHL,2006/05,63,2315,21,6876
PHX,2006/05,160,2473
SAN,2006/05,53,1343,9,6491
SEA,2006/05,48,1704,10,7558
SFO,2006/05,147,2347,6,8605
SLC,2006/05,87,1163,5,10528
TPA,2006/05,11,1190,1,4943
ATL,2006/06,693,8470,177,24447
BOS,2006/06,367,3963,19,6397
BWI,2006/06,92,2582,41,6371
CLT,2006/06,229,2558,29,6550
DCA,2006/06,271,2078,70,5375
DEN,2006/06,263,4082,76,15675
DFW,2006/06,322,4930,23,19946
DTW,2006/06,186,2445,39,7726
EWR,2006/06,610,4923,142,7633
FLL,2006/06,21,1380,8,3834
IAD,2006/06,364,2188,40,5246
IAH,2006/06,319,4620,218,14248
JFK,2006/06,123,2858,53,5708
LAS,2006/06,111,3632,18,11752
LAX,2006/06,215,4033,17,15438
LGA,2006/06,532,3947,79,6154
MCO,2006/06,34,2512,10,7220
MDW,2006/06,70,2312,33,6111
MIA,2006/06,64,1496,21,3872
MSP,2006/06,86,1980,20,8824
ORD,2006/06,773,8121,62,22330
PDX,2006/06,25,1217,3,3792
PHL,2006/06,117,2969,45,5637
PHX,2006/06,218,3630,49,13972
SAN,2006/06,74,1656,34,6129
SEA,2006/06,54,2566,7,7109
SFO,2006/06,147,3107,5,7869
SLC,2006/06,105,1926,8,10116
TPA,2006/06,15,1583,21,4332
ATL,2006/07,682,8836,63,25838
BOS,2006/07,328,3163,27,7654
BWI,2006/07,89,2319,18,6943
CLT,2006/07,161,2488,17,7063
DCA,2006/07,262,2028,34,5473
DEN,2006/07,231,4157,14,16532
DFW,2006/07,463,4467,116,20883
DTW,2006/07,139,2402,12,8466
EWR,2006/07,572,4799,209,8039
FLL,2006/07,31,1344,13,3985
IAD,2006/07,286,2292,14,5426
IAH,2006/07,229,4989,158,14544
JFK,2006/07,185,3253,145,6095
LAS,2006/07,144,3788,40,11975
LAX,2006/07,257,4329,48,15854
LGA,2006/07,632,3539,136,6445
MCO,2006/07,45,2401,27,7708
MDW,2006/07,76,2148,22,6578
MIA,2006/07,57,1598,10,3955
MSP,2006/07,73,2044,28,9083
ORD,2006/07,1202,8457,88,22143
PDX,2006/07,33,1100,3,4133
PHL,2006/07,117,3162,40,5949
PHX,2006/07,250,3593,59,14505
SAN,2006/07,78,1790,36,6269
SEA,2006/07,81,2712,8
SFO,2006/07,178,2561,6,8880
SLC,2006/07,109,1799,13,10926
TPA,2006/07,18,1611,35,4519
ATL,2006/08,765,9726,205,24580
BOS,2006/08,263,2813,4,8388
BWI,2006/08,89,1781,22,7623
CLT,2006/08,151,2356,44,7304
DCA,2006/08,228,1543,4,6292
DEN,2006/08,179,3708,40,17571
DFW,2006/08,521,4699,178,20796
DTW,2006/08,130,2330,6,8798
EWR,2006/08,299,4385,75,9189
FLL,2006/08,176,1145,5,4031
IAD,2006/08,181,1750,9,6390
IAH,2006/08,94,3143,122,16420
JFK,2006/08,137,2862,37,6952
LAS,2006/08,119,3317,12,12727
LAX,2006/08,260,4953,27,15477
LGA,2006/08,356,3130,69,7536
MCO,2006/08,156,1940,10,7862
MDW,2006/08,105,1747,44,7072
MIA,2006/08,210,1331,19,3969
MSP,2006/08,108,2167,32,9013
ORD,2006/08,935,8769,97,22537
PDX,2006/08,17,1128,3,4163
PHL,2006/08,128,2404,28,6807
PHX,2006/08,254,3373,47,14816
SAN,2006/08,63,1633,15,6520
SEA,2006/08,63,2771,10,7443
SFO,2006/08,162,3212,10,8466
SLC,2006/08,79,1742,7,11114
TPA,2006/08,45,1323,8,4846
ATL,2006/09,822,11991,75,20039
BOS,2006/09,245,2507,6,7924
BWI,2006/09,79,1458,7,7420
CLT,2006/09,128,2202,4,7433
DCA,2006/09,193,1567,15,5739
DEN,2006/09,221,3547,46,15754
DFW,2006/09,637,4262,217,19711
DTW,2006/09,239,2683,12,8101
EWR,2006/09,218,3647,42,8607
FLL,2006/09,27,1015,9,3753
IAD,2006/09,173,1640,17,5914
IAH,2006/09,81,2161,50,15358
JFK,2006/09,173,2767,29,6672
LAS,2006/09,117,3244,18,11968
LAX,2006/09,292,4168,15,14791
LGA,2006/09,298,3084,23,6832
MCO,2006/09,72,1580,11,7293
MDW,2006/09,86,1651,14,6448
MIA,2006/09,90,1217,27,3681
MSP,2006/09,144,2034,6,8235
ORD,2006/09,1228,9052,95,20393
PDX,2006/09,25,837,1,4002
PHL,2006/09,157,2680,23,5910
PHX,2006/09,201,2905,20,14391
SAN,2006/09,73,1391,10,6119
SEA,2006/09,74,1760,8,7160
SFO,2006/09,194,2472,12,8143
SLC,2006/09,77,1650,14,10043
TPA,2006/09,30,1158,34,4609
ATL,2006/10,767,13124,24,20777
BOS,2006/10,217,3015,5,8161
BWI,2006/10,85,1582,1,7773
CLT,2006/10,132,2646,3,7571
DCA,2006/10,152,1928,7,5853
DEN,2006/10,317,4163,5,15450
DFW,2006/10,364,5151,65,20133
DTW,2006/10,351,3574,27,7639
EWR,2006/10,366,4679,63,8360
FLL,2006/10,29,1037,5,4128
IAD,2006/10,150,1865,10,6426
IAH,2006/10,488,4572,289,13704
JFK,2006/10,157,2863,15,7261
LAS,2006/10,140,4069,43,11657
LAX,2006/10,318,5049,23,14584
LGA,2006/10,319,3967,35,6468
MCO,2006/10,54,1675,9,7858
MDW,2006/10,92,1703,41,6841
MIA,2006/10,29,886,3,4192
MSP,2006/10,177,2573,9,8023
ORD,2006/10,1543,10412,150,20139
PDX,2006/10,40,1030,2,3937
PHL,2006/10,138,2451,13,6481
PHX,2006/10,211,3938,6,14117
SAN,2006/10,89,1698,12,6113
SEA,2006/10,98,2042,20,6879
SFO,2006/10,195,2894,8,8134
SLC,2006/10,128,1856,3,10010
TPA,2006/10,17,1124,13,5076
ATL,2006/11,467,8290,33,24901
BOS,2006/11,252,2972,7,7781
BWI,2006/11,67,1666,13,7151
CLT,2006/11,98,2448,7,7398
DCA,2006/11,149,1887,22,5441
DEN,2006/11,230,2866,11,15473
DFW,2006/11,750,3705,87,19903
DTW,2006/11,134,2963,14,7756
EWR,2006/11,350,4896,41,7665
FLL,2006/11,21,1238,8,4152
IAD,2006/11,154,2069,20,6378
IAH,2006/11,158,2869,39,15253
JFK,2006/11,184,3430,29,6454
LAS,2006/11,104,2841,12,12106
LAX,2006/11,296,3857,12,14902
LGA,2006/11,372,3785,17,6134
MCO,2006/11,29,1694,3,7758
MDW,2006/11,93,1354,27,6857
MIA,2006/11,21,1041,3,3998
MSP,2006/11,94,1947,6,8470
ORD,2006/11,969,7536,78,21954
PDX,2006/11,41,1137,8,3558
PHL,2006/11,129,2845,34,5582
PHX,2006/11,187,2541,14,14782
SAN,2006/11,160,1332,72,5955
SEA,2006/11,109,2467,30,5677
SFO,2006/11,270,3052,11,7390
SLC,2006/11,120,1722,4,9537
TPA,2006/11,23,1148,6,5288
ATL,2006/12,633,6606,31,25525
BOS,2006/12,282,2332,7,8429
BWI,2006/12,151,1666,9,7086
CLT,2006/12,173,2734,20,7334
DCA,2006/12,248,1672,35,5549
DEN,2006/12,2144,4774,16,12665
DFW,2006/12,958,6256,200,18050
DTW,2006/12,237,3000,7,8025
EWR,2006/12,441,5381,24,7591
FLL,2006/12,45,1813,12,4173
IAD,2006/12,214,2067,12,6417
IAH,2006/12,391,4397,126,14348
JFK,2006/12,220,3831,42,6435
LAS,2006/12,226,3840,11,11373
LAX,2006/12,409,4591,12,14965
LGA,2006/12,340,3416,10,6592
MCO,2006/12,83,2453,6,7530
MDW,2006/12,205,2000,28,6302
MIA,2006/12,67,1590,4,3821
MSP,2006/12,212,2797,5,7785
ORD,2006/12,2213,11592,28,17566
PDX,2006/12,124,1361,13,3386
PHL,2006/12,240,2536,59,5853
PHX,2006/12,362,4101,48,13734
SAN,2006/12,150,1688,12,5938
SEA,2006/12,203,2796,42,5725
SFO,2006/12,326,3398,8,7333
SLC,2006/12,240,2890,4,9040
TPA,2006/12,58,1727,6,5309
ATL,2007/01,879,6653,82,24652
BOS,2007/01,268,2375,6,8809
BWI,2007/01,106,1389,0,7359
CLT,2007/01,160,2687,22,7530
DCA,2007/01,206,1603,14,5980
DEN,2007/01,465,5790,13,13789
DFW,2007/01,1707,6439,80,17165
DTW,2007/01,267,3647,5,11135
EWR,2007/01,328,5046,15,7590
FLL,2007/01,33,1392,13,4685
IAD,2007/01,175,1822,5,6570
IAH,2007/01,416,4035,13,13974
JFK,2007/01,150,3223,28,7088
LAS,2007/01,161,3353,13,11527
LAX,2007/01,379,4351,32,14940
LGA,2007/01,444,3359,28,6792
MCO,2007/01,70,2084,4,8121
MDW,2007/01,147,1304,12,6732
MIA,2007/01,65,1379,6,4375
MSP,2007/01,172,2717,11,10052
ORD,2007/01,1345,10628,41,19825
PDX,2007/01,59,1132,9,3500
PHL,2007/01,138,2249,22,6415
PHX,2007/01,382,4157,18,13624
SAN,2007/01,109,1579,13,5973
SEA,2007/01,161,2290,31,6010
SFO,2007/01,183,2599,9,8137
SLC,2007/01,267,3618,21,8281
TPA,2007/01,46,1389,5,5483
ATL,2007/02,992,6802,10,21962
BOS,2007/02,844,2942,10,6778
BWI,2007/02,404,1693,21,5890
CLT,2007/02,380,3076,14,5892
DCA,2007/02,599,1917,31,4536
DEN,2007/02,657,5241,17,12406
DFW,2007/02,1203,5515,105,15908
DTW,2007/02,792,4628,49,8372
EWR,2007/02,671,4913,18,6216
FLL,2007/02,146,1990,7,3723
IAD,2007/02,775,2087,21,4808
IAH,2007/02,126,3052,37,13457
JFK,2007/02,985,3206,34,5415
LAS,2007/02,222,3522,9,9933
LAX,2007/02,420,4428,27,12919
LGA,2007/02,816,3355,10,5489
MCO,2007/02,227,2705,10,6736
MDW,2007/02,430,1770,81,5039
MIA,2007/02,131,1687,2,3543
MSP,2007/02,531,3741,43,7758
ORD,2007/02,2998,10968,35,14987
PDX,2007/02,72,1171,4,2979
PHL,2007/02,477,2470,47,5038
PHX,2007/02,355,3698,33,12325
SAN,2007/02,159,1683,26,5052
SEA,2007/02,156,2244,17,5303
SFO,2007/02,389,3589,10,5950
SLC,2007/02,206,2780,8,8017
TPA,2007/02,149,1819,8,4425
ATL,2007/03,710,6341,32,26950
BOS,2007/03,558,3645,23,7800
BWI,2007/03,227,1873,16,6959
CLT,2007/03,265,3905,10,6377
DCA,2007/03,331,2266,9,5246
DEN,2007/03,308,3869,9,16571
DFW,2007/03,772,4840,160,19527
DTW,2007/03,499,4138,13,10827
EWR,2007/03,914,5303,47,7296
FLL,2007/03,113,1901,8,4800
IAD,2007/03,310,2231,4,6127
IAH,2007/03,232,3767,100,14579
JFK,2007/03,522,4263,43,6186
LAS,2007/03,152,3166,10,12369
LAX,2007/03,316,3800,15,15938
LGA,2007/03,765,4190,19,5722
MCO,2007/03,144,2874,4,8218
MDW,2007/03,140,1723,16,6310
MIA,2007/03,97,1521,13,4276
MSP,2007/03,600,3391,43,9631
ORD,2007/03,1942,10591,126,19788
PDX,2007/03,36,959,3,3753
PHL,2007/03,400,3253,59,5404
PHX,2007/03,276,3884,26,14356
SAN,2007/03,86,1365,9,6364
SEA,2007/03,103,2203,12,6285
SFO,2007/03,187,2011,10,9015
SLC,2007/03,125,1914,1,10621
TPA,2007/03,102,1810,2,5609
ATL,2007/04,446,5796,31,26618
BOS,2007/04,285,3623,9,7487
BWI,2007/04,80,1584,4,7203
CLT,2007/04,129,3165,9,7024
DCA,2007/04,167,1886,7,5518
DEN,2007/04,308,3641,15,15615
DFW,2007/04,751,4865,190,18467
DTW,2007/04,259,3137,14,11534
EWR,2007/04,472,5369,27,7202
FLL,2007/04,49,1662,12,4622
IAD,2007/04,247,1971,6,6015
IAH,2007/04,153,3249,107,13677
JFK,2007/04,331,4022,48,6264
LAS,2007/04,122,3186,17,11901
LAX,2007/04,232,3571,20,15270
LGA,2007/04,435,3848,45,6008
MCO,2007/04,50,2419,17,8481
MDW,2007/04,77,1594,21,6399
MIA,2007/04,56,1484,12,4058
MSP,2007/04,179,2424,5,10493
ORD,2007/04,1691,9673,50,19878
PDX,2007/04,28,896,0,3695
PHL,2007/04,131,2966,30,5727
PHX,2007/04,181,3461,34,14095
SAN,2007/04,55,1379,8,5998
SEA,2007/04,92,1871,12,6584
SFO,2007/04,194,2509,24,8249
SLC,2007/04,93,1245,1,10376
TPA,2007/04,38,1540,12,5470
ATL,2007/05,205,5471,113,28389
BOS,2007/05,167,2824,5,7877
BWI,2007/05,43,1861,10,7386
CLT,2007/05,130,3040,3,7873
DCA,2007/05,127,1954,4,5762
DEN,2007/05,203,4156,73,15808
DFW,2007/05,831,6157,208,18258
DTW,2007/05,180,3194,64,11905
EWR,2007/05,207,4488,55,8364
FLL,2007/05,22,1157,4,4529
IAD,2007/05,161,1695,5,6372
IAH,2007/05,144,3472,233,13136
JFK,2007/05,99,3509,46,6909
LAS,2007/05,104,3014,8,12685
LAX,2007/05,177,3215,8,16202
LGA,2007/05,271,3549,79,6699
MCO,2007/05,44,1990,13,8986
MDW,2007/05,35,1387,19,6824
MIA,2007/05,44,1260,8,4171
MSP,2007/05,88,2512,36,10905
ORD,2007/05,554,7340,39,24452
PDX,2007/05,25,894,1,3950
PHL,2007/05,128,2646,18,6265
PHX,2007/05,157,3113,17,14673
SAN,2007/05,47,1273,2,6603
SEA,2007/05,61,2201,7,7163
SFO,2007/05,129,2893,15,8511
SLC,2007/05,50,1304,2,10269
TPA,2007/05,32,1286,3,5357
ATL,2007/06,920,10622,111,24325
BOS,2007/06,373,3910,12,6276
BWI,2007/06,137,2721,38,6411
CLT,2007/06,338,3674,17,6683
DCA,2007/06,371,2450,39,4638
DEN,2007/06,385,5018,28,14838
DFW,2007/06,1254,9181,442,13893
DTW,2007/06,743,3864,29,10430
EWR,2007/06,765,5190,180,6685
FLL,2007/06,83,1676,37,3694
IAD,2007/06,410,2258,53,4790
IAH,2007/06,263,4117,148,11645
JFK,2007/06,468,4386,95,5540
LAS,2007/06,145,3749,10,11388
LAX,2007/06,241,4613,9,14591
LGA,2007/06,806,3736,103,5504
MCO,2007/06,122,2949,44,7849
MDW,2007/06,55,1910,21,6101
MIA,2007/06,93,1881,25,3231
MSP,2007/06,446,3381,24,9706
ORD,2007/06,1512,9438,130,20448
PDX,2007/06,37,1286,2,3719
PHL,2007/06,262,3298,64,5134
PHX,2007/06,338,3955,12,12918
SAN,2007/06,85,1905,7,6342
SEA,2007/06,99,3052,10,6598
SFO,2007/06,194,3601,9,8052
SLC,2007/06,95,2639,5,10195
TPA,2007/06,55,1752,14,4565
ATL,2007/07,860,11931,111,24090
BOS,2007/07,361,3531,34,6785
BWI,2007/07,135,2943,22,6589
CLT,2007/07,253,3112,18,7600
DCA,2007/07,327,2299,43,4971
DEN,2007/07,270,4857,30,16199
DFW,2007/07,770,8409,299,16179
DTW,2007/07,500,3473,36,11230
EWR,2007/07,645,4301,107,8036
FLL,2007/07,49,1855,18,3664
IAD,2007/07,183,2040,26,5085
IAH,2007/07,322,4261,174,11816
JFK,2007/07,441,4162,86,6275
LAS,2007/07,121,3743,30,11819
LAX,2007/07,229,5253,10,15428
LGA,2007/07,691,3346,88,6185
MCO,2007/07,91,3457,34,7965
MDW,2007/07,45,1976,40,6202
MIA,2007/07,91,1970,27,3303
MSP,2007/07,304,3155,94,10119
ORD,2007/07,1086,8364,118,22479
PDX,2007/07,39,1136,4,4081
PHL,2007/07,166,3090,46,5725
PHX,2007/07,241,4294,58,13251
SAN,2007/07,52,1931,9,6726
SEA,2007/07,86,2810,10,7330
SFO,2007/07,224,3904,12,8205
SLC,2007/07,101,2913,5,10551
TPA,2007/07,47,1902,41,4563
ATL,2007/08,896,10970,298,25120
BOS,2007/08,256,2893,26,7659
BWI,2007/08,125,2481,26,7145
CLT,2007/08,189,2796,12,7990
DCA,2007/08,284,2028,15,5464
DEN,2007/08,346,5048,50,15968
DFW,2007/08,538,5687,176,19376
DTW,2007/08,240,3924,26,11064
EWR,2007/08,449,4604,83,8362
FLL,2007/08,37,1397,9,4017
IAD,2007/08,221,1882,18,5224
IAH,2007/08,188,2692,138,13695
JFK,2007/08,306,4138,128,6492
LAS,2007/08,130,3798,16,11784
LAX,2007/08,256,4967,9,15852
LGA,2007/08,417,3972,76,6041
MCO,2007/08,74,2614,12,8727
MDW,2007/08,65,1873,73,6245
MIA,2007/08,76,1438,5,3838
MSP,2007/08,392,4670,63,8456
ORD,2007/08,1443,10068,175,20797
PDX,2007/08,37,1286,1,3996
PHL,2007/08,163,3308,26,5538
PHX,2007/08,209,3791,21,13863
SAN,2007/08,64,1930,8,6852
SEA,2007/08,103,3092,19,6916
SFO,2007/08,210,3820,10,8416
SLC,2007/08,94,2614,6,10850
TPA,2007/08,47,1518,13,4951
ATL,2007/09,440,6862,96,26873
BOS,2007/09,100,1757,14,8026
BWI,2007/09,45,1223,7,7812
CLT,2007/09,77,1530,1,8640
DCA,2007/09,105,1263,5,5677
DEN,2007/09,183,2571,6,16501
DFW,2007/09,546,3684,118,19969
DTW,2007/09,98,2027,17,12033
EWR,2007/09,128,2499,21,9333
FLL,2007/09,31,697,8,4153
IAD,2007/09,91,1023,4,5561
IAH,2007/09,56,1462,36,13313
JFK,2007/09,101,2392,23,7727
LAS,2007/09,79,2581,16,12474
LAX,2007/09,230,3306,10,16112
LGA,2007/09,213,2551,32,7045
MCO,2007/09,70,1437,16,8395
MDW,2007/09,44,947,16,6737
MIA,2007/09,59,963,2,3927
MSP,2007/09,211,2945,78,9037
ORD,2007/09,545,5906,48,23937
PDX,2007/09,29,745,2,4135
PHL,2007/09,75,1622,13,6573
PHX,2007/09,177,2442,12,14253
SAN,2007/09,82,1300,11,6996
SEA,2007/09,68,2064,23,7127
SFO,2007/09,156,2893,7,8511
SLC,2007/09,97,1704,10,10204
TPA,2007/09,32,831,12,5111
ATL,2007/10,418,9107,54,27363
BOS,2007/10,140,2374,15,7844
BWI,2007/10,57,1577,6,7765
CLT,2007/10,115,2240,7,8630
DCA,2007/10,171,1458,4,5846
DEN,2007/10,179,3084,12,16692
DFW,2007/10,283,4199,77,20582
DTW,2007/10,152,2516,9,12290
EWR,2007/10,333,4390,83,8076
FLL,2007/10,16,1178,6,4004
IAD,2007/10,108,1410,9,5427
IAH,2007/10,107,2343,99,13973
JFK,2007/10,211,2816,51,7414
LAS,2007/10,97,3155,11,12634
LAX,2007/10,238,3932,8,16245
LGA,2007/10,406,3774,56,6251
MCO,2007/10,23,2190,7,8372
MDW,2007/10,43,1269,28,6810
MIA,2007/10,44,1295,13,3740
MSP,2007/10,314,3074,28,9337
ORD,2007/10,557,7030,30,24395
PDX,2007/10,27,1128,2,3833
PHL,2007/10,78,2514,34,5951
PHX,2007/10,176,2894,7,14594
SAN,2007/10,87,1607,8,6958
SEA,2007/10,110,2732,35,6482
SFO,2007/10,234,3672,15,8121
SLC,2007/10,75,1648,0,10559
TPA,2007/10,14,1309,3,5017
ATL,2007/11,267,5914,52,28441
BOS,2007/11,168,1879,4,7848
BWI,2007/11,37,1316,8,7591
CLT,2007/11,106,1941,2,8673
DCA,2007/11,136,1188,19,5773
DEN,2007/11,134,3144,5,16051
DFW,2007/11,246,4246,15,19732
DTW,2007/11,89,2507,1,11346
EWR,2007/11,236,4588,55,7593
FLL,2007/11,19,893,3,4812
IAD,2007/11,130,1233,4,5528
IAH,2007/11,63,2305,63,13103
JFK,2007/11,85,2642,17,7555
LAS,2007/11,148,2901,21,12158
LAX,2007/11,272,4421,36,14926
LGA,2007/11,342,4263,16,5305
MCO,2007/11,26,1510,8,9173
MDW,2007/11,29,1080,13,6514
MIA,2007/11,21,1067,1,4009
MSP,2007/11,83,1835,7,10285
ORD,2007/11,580,7107,16,22338
PDX,2007/11,30,1014,9,3838
PHL,2007/11,71,2023,10,6159
PHX,2007/11,287,2825,7,13953
SAN,2007/11,53,1582,35,6532
SEA,2007/11,68,2064,9,6524
SFO,2007/11,254,3108,25,8216
SLC,2007/11,65,1293,4,10509
TPA,2007/11,13,883,3,5625
ATL,2007/12,757,10483,55,23297
BOS,2007/12,737,2713,34,6284
BWI,2007/12,218,2121,4,6727
CLT,2007/12,264,2784,16,7732
DCA,2007/12,295,1746,22,4915
DEN,2007/12,695,7484,23,12006
DFW,2007/12,866,8348,78,15151
DTW,2007/12,665,4774,44,8714
EWR,2007/12,844,5093,27,6859
FLL,2007/12,75,1838,4,4306
IAD,2007/12,305,2172,13,4416
IAH,2007/12,96,4630,26,11346
JFK,2007/12,389,3537,35,6651
LAS,2007/12,196,4523,20,10470
LAX,2007/12,427,6655,24,13116
LGA,2007/12,698,4231,21,4915
MCO,2007/12,146,3023,8,8264
MDW,2007/12,176,2180,62,5245
MIA,2007/12,72,1877,6,3498
MSP,2007/12,472,4640,34,7324
ORD,2007/12,3317,12652,78,14206
PDX,2007/12,59,1785,7,3201
PHL,2007/12,245,2667,18,5342
PHX,2007/12,342,4714,8,12591
SAN,2007/12,134,2325,14,5884
SEA,2007/12,135,3124,12,5639
SFO,2007/12,399,4358,16,7167
SLC,2007/12,214,4286,19,7835
TPA,2007/12,80,1964,5,4844
ATL,2008/01,1276,6570,60,25975
BOS,2008/01,389,1883,9,7445
BWI,2008/01,90,1650,6,7143
CLT,2008/01,290,2405,24,8026
DCA,2008/01,283,1258,7,5764
DEN,2008/01,392,4540,14,14536
DFW,2008/01,671,5514,84,17605
DTW,2008/01,422,3295,21,10643
EWR,2008/01,357,3710,17,8386
FLL,2008/01,40,1379,3,4674
IAD,2008/01,282,1597,4,4909
IAH,2008/01,133,3761,27,11606
JFK,2008/01,230,2356,21,7432
LAS,2008/01,193,3842,15,11242
LAX,2008/01,450,5886,25,12603
LGA,2008/01,515,2921,19,6843
MCO,2008/01,62,2356,19,8626
MDW,2008/01,135,1682,55,5826
MIA,2008/01,81,1534,14,3919
MSP,2008/01,288,2531,12,8994
ORD,2008/01,2468,11387,67,16014
PDX,2008/01,76,1235,1,3585
PHL,2008/01,159,1833,11,6185
PHX,2008/01,315,3655,12,13711
SAN,2008/01,154,2165,47,5665
SEA,2008/01,126,2140,8,6265
SFO,2008/01,700,5131,47,5682
SLC,2008/01,261,3497,32,8574
TPA,2008/01,66,1377,13,5280
ATL,2008/02,693,8657,88,22919
BOS,2008/02,475,2470,14,6471
BWI,2008/02,163,2040,9,6002
CLT,2008/02,363,2280,11,7342
DCA,2008/02,348,1513,5,5102
DEN,2008/02,373,4474,15,13805
DFW,2008/02,643,5571,96,15921
DTW,2008/02,543,3879,34,8931
EWR,2008/02,886,4297,37,6396
FLL,2008/02,76,1942,31,3980
IAD,2008/02,437,1693,6,4275
IAH,2008/02,147,3551,99,11037
JFK,2008/02,411,2755,31,6348
LAS,2008/02,233,3575,75,10399
LAX,2008/02,337,4576,18,12560
LGA,2008/02,856,3693,41,5151
MCO,2008/02,112,3287,12,7294
MDW,2008/02,381,1839,168,4875
MIA,2008/02,90,1876,20,3318
MSP,2008/02,336,2950,42,7520
ORD,2008/02,3482,11011,84,13410
PDX,2008/02,60,1039,6,3440
PHL,2008/02,329,2318,25,5137
PHX,2008/02,335,3618,10,12632
SAN,2008/02,105,1891,36,5446
SEA,2008/02,100,2028,19,5830
SFO,2008/02,294,3611,13,6899
SLC,2008/02,166,2615,7,8893
TPA,2008/02,80,1896,21,4592
ATL,2008/03,796,10144,123,25026
BOS,2008/03,279,2558,11,7553
BWI,2008/03,91,2060,1,6706
CLT,2008/03,216,2386,23,7969
DCA,2008/03,268,1622,8,5502



DEN,2008/03,333,4508,17,15746
DFW,2008/03,1660,5933,195,15698
DTW,2008/03,448,3211,19,10651
EWR,2008/03,506,4966,53,7055
FLL,2008/03,58,2232,46,4545
IAD,2008/03,154,1630,0,5102
IAH,2008/03,449,3919,58,12034
JFK,2008/03,250,2853,41,7205
LAS,2008/03,145,3849,22,11365
LAX,2008/03,295,4469,32,13975
LGA,2008/03,557,4184,83,5683
MCO,2008/03,96,3379,17,8654
MDW,2008/03,99,1828,14,5867
MIA,2008/03,87,1929,22,3715
MSP,2008/03,251,2652,22,8722
ORD,2008/03,1715,8945,37,19388
PDX,2008/03,40,1228,5,3576
PHL,2008/03,167,2217,25,6240
PHX,2008/03,232,3301,23,14308
SAN,2008/03,99,1715,29,6237
SEA,2008/03,69,2357,14,6289
SFO,2008/03,216,3010,19,8565
SLC,2008/03,127,2282,5,10271
TPA,2008/03,78,2053,20,5505
ATL,2008/04,352,7157,41,27073
BOS,2008/04,255,2376,5,7942
BWI,2008/04,50,1485,14,7062
CLT,2008/04,175,2041,14,8287
DCA,2008/04,182,1387,16,5778
DEN,2008/04,233,3488,28,15915
DFW,2008/04,1470,5149,112,16755
DTW,2008/04,207,2312,8,11552
EWR,2008/04,226,3596,21,8432
FLL,2008/04,36,1436,12,4786
IAD,2008/04,139,1415,17,4825
IAH,2008/04,99,3011,21,12585
JFK,2008/04,153,2550,41,7161
LAS,2008/04,111,2706,9,11876
LAX,2008/04,268,3811,10,14199
LGA,2008/04,516,3952,54,5757
MCO,2008/04,79,2397,10,9047
MDW,2008/04,28,1275,18,6376
MIA,2008/04,56,1478,7,3807
MSP,2008/04,160,2113,14,9069
ORD,2008/04,1327,7461,85,21130
PDX,2008/04,41,900,1,3856
PHL,2008/04,138,2198,13,6042
PHX,2008/04,238,2585,15,14407
SAN,2008/04,76,1491,5,6433
SEA,2008/04,74,1812,7,6758
SFO,2008/04,182,2573,13,8774
SLC,2008/04,121,1315,10,10207
TPA,2008/04,53,1440,9,5548
ATL,2008/05,173,5217,30,29152
BOS,2008/05,156,1914,8,8198
BWI,2008/05,28,1162,10,7788
CLT,2008/05,111,1698,8,9179
DCA,2008/05,120,1185,12,6118
DEN,2008/05,186,4782,32,15765
DFW,2008/05,635,6407,108,17431
DTW,2008/05,94,2170,7,11915
EWR,2008/05,244,4092,38,7498
FLL,2008/05,19,1004,9,4554
IAD,2008/05,94,1215,9,5203
IAH,2008/05,87,3116,32,12730
JFK,2008/05,66,2097,33,7467
LAS,2008/05,76,3527,23,11488
LAX,2008/05,195,4524,9,14250
LGA,2008/05,309,3362,20,6593
MCO,2008/05,36,1750,6,9898
MDW,2008/05,23,1123,6,6502
MIA,2008/05,59,1289,1,3994
MSP,2008/05,83,2053,14,9473
ORD,2008/05,770,7113,93,22781
PDX,2008/05,12,1041,6,3867
PHL,2008/05,113,1980,25,6404
PHX,2008/05,158,3387,10,13870
SAN,2008/05,52,1996,2,6300
SEA,2008/05,63,2124,13,7451
SFO,2008/05,157,3266,12,8680
SLC,2008/05,52,1256,6,10270
TPA,2008/05,10,1044,3,5668
ATL,2008/06,367,7670,83,27293
BOS,2008/06,367,3266,28,6627
BWI,2008/06,79,2298,32,6576
CLT,2008/06,230,2361,55,7987
DCA,2008/06,309,2034,20,4922
DEN,2008/06,219,5585,47,15484
DFW,2008/06,568,6686,222,16879
DTW,2008/06,259,3443,31,10476
EWR,2008/06,533,5147,99,6122
FLL,2008/06,31,1280,20,4034
IAD,2008/06,293,2200,58,3950
IAH,2008/06,167,3648,167,12181
JFK,2008/06,332,3382,95,6121
LAS,2008/06,118,3974,25,10636
LAX,2008/06,196,5436,12,13613
LGA,2008/06,683,4117,153,5203
MCO,2008/06,66,2893,78,8279
MDW,2008/06,13,1561,51,5674
MIA,2008/06,73,1627,12,3300
MSP,2008/06,155,2928,42,8301
ORD,2008/06,1438,11952,174,16978
PDX,2008/06,23,1475,6,3661
PHL,2008/06,150,2313,25,6140
PHX,2008/06,203,3651,13,13130
SAN,2008/06,47,2325,14,5964
SEA,2008/06,55,3137,13,6970
SFO,2008/06,234,4861,26,7183
SLC,2008/06,53,1966,6,10177
TPA,2008/06,34,1621,49,4836
ATL,2008/07,846,9817,402,25369
BOS,2008/07,420,3005,21,7145
BWI,2008/07,125,2138,23,7017
CLT,2008/07,162,2523,82,8054
DCA,2008/07,319,1745,29,5468
DEN,2008/07,284,4311,79,17366
DFW,2008/07,364,4817,118,20094
DTW,2008/07,178,2174,23,12017
EWR,2008/07,380,4492,87,7285
FLL,2008/07,43,1302,19,4143
IAD,2008/07,235,1859,25,4645
IAH,2008/07,118,2761,36,13962
JFK,2008/07,514,4289,99,6597
LAS,2008/07,138,2699,8,12381
LAX,2008/07,258,3847,12,15691
LGA,2008/07,564,3728,83,6131
MCO,2008/07,93,2610,16,8859
MDW,2008/07,23,1186,16,6206
MIA,2008/07,65,1549,22,3534
MSP,2008/07,110,2109,25,9440
ORD,2008/07,934,8600,115,21953
PDX,2008/07,23,1080,1,4281
PHL,2008/07,189,2200,40,6467
PHX,2008/07,202,3026,49,14113
SAN,2008/07,58,1516,0,7039
SEA,2008/07,68,2567,7,8086
SFO,2008/07,274,3904,13,8651
SLC,2008/07,81,1547,10,10838
TPA,2008/07,48,1519,30,5116
ATL,2008/08,566,7673,93,27246
BOS,2008/08,349,2876,23,7109
BWI,2008/08,71,1618,9,7404
CLT,2008/08,214,2124,5,8273
DCA,2008/08,257,1306,12,5775
DEN,2008/08,204,4221,79,17258
DFW,2008/08,495,5253,100,19430
DTW,2008/08,120,1690,14,11794
EWR,2008/08,456,3631,107,7816
FLL,2008/08,66,1245,24,4042
IAD,2008/08,172,1413,1,4973
IAH,2008/08,331,3571,125,12670
JFK,2008/08,535,4121,71,6693
LAS,2008/08,90,2452,53,12113
LAX,2008/08,191,3495,11,15635
LGA,2008/08,500,2944,118,6779
MCO,2008/08,171,2251,30,8695
MDW,2008/08,28,992,38,6272
MIA,2008/08,93,1603,10,3488
MSP,2008/08,83,1462,43,9375
ORD,2008/08,822,5713,146,24092
PDX,2008/08,20,942,2,4325
PHL,2008/08,124,1725,37,6823
PHX,2008/08,181,2651,144,13781
SAN,2008/08,46,1437,7,6856
SEA,2008/08,56,2165,15,8205
SFO,2008/08,171,3234,11,9230
SLC,2008/08,64,1390,4,10924
TPA,2008/08,107,1247,16,5085
ATL,2008/09,401,4556,30,28112
BOS,2008/09,160,1651,8,7270
BWI,2008/09,72,912,9,7284
CLT,2008/09,135,1635,6,8545
DCA,2008/09,121,895,4,5960
DEN,2008/09,134,2241,18,16748
DFW,2008/09,404,2530,15,20047
DTW,2008/09,104,1101,13,11102
EWR,2008/09,167,2319,30,7766
FLL,2008/09,56,609,9,3711
IAD,2008/09,87,1146,8,4573
IAH,2008/09,1411,940,6,11553
JFK,2008/09,182,2310,26,6452
LAS,2008/09,118,1366,13,12023
LAX,2008/09,188,1760,13,14341
LGA,2008/09,334,2237,36,7108
MCO,2008/09,109,1059,11,7984
MDW,2008/09,63,576,5,6327
MIA,2008/09,67,827,5,3736
MSP,2008/09,62,889,17,8666
ORD,2008/09,647,6008,67,21529
PDX,2008/09,14,476,1,4044
PHL,2008/09,154,2090,25,5932
PHX,2008/09,151,1440,21,13556
SAN,2008/09,59,710,1,6361
SEA,2008/09,49,969,8,7914
SFO,2008/09,127,1976,5,9215
SLC,2008/09,61,677,4,9737
TPA,2008/09,74,668,1,4763
ATL,2008/10,170,6603,48,27879
BOS,2008/10,84,1230,5,8114
BWI,2008/10,14,847,7,7623
CLT,2008/10,52,1490,3,9225
DCA,2008/10,78,726,6,6464
DEN,2008/10,91,2189,27,17302
DFW,2008/10,114,2794,17,19850
DTW,2008/10,53,1000,14,11585
EWR,2008/10,67,3164,8,7467
FLL,2008/10,9,702,12,3988
IAD,2008/10,57,848,8,5001
IAH,2008/10,70,1829,118,12425
JFK,2008/10,67,1550,42,7385
LAS,2008/10,85,1339,9,12501
LAX,2008/10,179,1969,26,14751
LGA,2008/10,221,2247,46,7561
MCO,2008/10,22,1279,9,8426
MDW,2008/10,24,635,6,6595
MIA,2008/10,36,875,5,3909
MSP,2008/10,43,964,8,9035
ORD,2008/10,219,4157,21,24437
PDX,2008/10,12,578,5,4037
PHL,2008/10,71,1252,33,7199
PHX,2008/10,122,1640,4,13876
SAN,2008/10,79,765,55,6465
SEA,2008/10,42,1395,18,7496
SFO,2008/10,103,2098,6,9450
SLC,2008/10,46,728,8,9835
TPA,2008/10,4,821,2,5059
ATL,2008/11,258,7851,35,25728
BOS,2008/11,149,1864,6,6699
BWI,2008/11,25,1044,3,7040
CLT,2008/11,78,1559,3,8228
DCA,2008/11,90,999,2,5716
DEN,2008/11,116,2265,11,16196
DFW,2008/11,188,2313,92,18429
DTW,2008/11,89,1386,5,10558
EWR,2008/11,146,3284,16,6635
FLL,2008/11,9,967,7,4275
IAD,2008/11,85,858,6,4670
IAH,2008/11,15,1674,37,11850
JFK,2008/11,102,2048,11,6858
LAS,2008/11,111,2563,14,10207
LAX,2008/11,175,1748,20,13449
LGA,2008/11,192,1682,23,6539
MCO,2008/11,46,1514,7,8561
MDW,2008/11,35,702,5,5867
MIA,2008/11,22,986,5,4096
MSP,2008/11,70,1229,12,8154
ORD,2008/11,325,4108,15,20846
PDX,2008/11,29,671,8,3619
PHL,2008/11,135,2014,18,5664
PHX,2008/11,130,1637,13,13222
SAN,2008/11,72,898,53,5894
SEA,2008/11,46,1405,12,6482
SFO,2008/11,171,2321,27,8234
SLC,2008/11,57,847,1,9190
TPA,2008/11,27,921,7,5027
ATL,2008/12,807,11791,39,21266
BOS,2008/12,518,2541,45,5953
BWI,2008/12,156,2142,5,5935
CLT,2008/12,201,2422,20,7510
DCA,2008/12,247,1710,14,4964
DEN,2008/12,419,6338,17,13039
DFW,2008/12,504,5159,91,16170
DTW,2008/12,478,3575,17,8339
EWR,2008/12,639,4335,31,5448
FLL,2008/12,57,1959,5,3693
IAD,2008/12,175,1494,8,4168
IAH,2008/12,339,4271,43,10340
JFK,2008/12,358,3238,19,5804
LAS,2008/12,387,4357,134,8186
LAX,2008/12,345,5013,49,10770
LGA,2008/12,474,2818,25,5462
MCO,2008/12,128,3015,12,7499
MDW,2008/12,220,1912,155,4293
MIA,2008/12,65,1702,7,3566
MSP,2008/12,347,3280,67,6105
ORD,2008/12,1947,9506,123,14812
PDX,2008/12,306,1483,42,2679
PHL,2008/12,260,2669,42,5132
PHX,2008/12,287,4663,19,10669
SAN,2008/12,201,2265,110,4509
SEA,2008/12,415,3131,41,4761
SFO,2008/12,355,4277,51,6527
SLC,2008/12,246,3216,79,7318
TPA,2008/12,72,1748,10,4502
